Election Dates,Links
CAN (Oct 2015),http://canadianelectionsdatabase.ca/PHASE5/?p=0&type=election&ID=776
CAN (May 2011),http://canadianelectionsdatabase.ca/PHASE5/?p=0&type=election&ID=617
CAN (Oct 2008),http://canadianelectionsdatabase.ca/PHASE5/?p=0&type=election&ID=279
CAN (Jan 2006),http://canadianelectionsdatabase.ca/PHASE5/?p=0&type=election&ID=615
CAN (Jun 2004),http://canadianelectionsdatabase.ca/PHASE5/?p=0&type=election&ID=614
CAN (Nov 2000),http://canadianelectionsdatabase.ca/PHASE5/?p=0&type=election&ID=613
CAN (Jun 1997),http://canadianelectionsdatabase.ca/PHASE5/?p=0&type=election&ID=612
CAN (Oct 1993),http://canadianelectionsdatabase.ca/PHASE5/?p=0&type=election&ID=611
CAN (Nov 1988),http://canadianelectionsdatabase.ca/PHASE5/?p=0&type=election&ID=610
CAN (Sep 1984),http://canadianelectionsdatabase.ca/PHASE5/?p=0&type=election&ID=609
CAN (Feb 1980),http://canadianelectionsdatabase.ca/PHASE5/?p=0&type=election&ID=608
CAN (May 1979),http://canadianelectionsdatabase.ca/PHASE5/?p=0&type=election&ID=607
CAN (Jul 1974),http://canadianelectionsdatabase.ca/PHASE5/?p=0&type=election&ID=606
CAN (Oct 1972),http://canadianelectionsdatabase.ca/PHASE5/?p=0&type=election&ID=605
CAN (Jun 1968),http://canadianelectionsdatabase.ca/PHASE5/?p=0&type=election&ID=584
CAN (Nov 1965),http://canadianelectionsdatabase.ca/PHASE5/?p=0&type=election&ID=583
CAN (Apr 1963),http://canadianelectionsdatabase.ca/PHASE5/?p=0&type=election&ID=529
CAN (Jun 1962),http://canadianelectionsdatabase.ca/PHASE5/?p=0&type=election&ID=521
CAN (Mar 1958),http://canadianelectionsdatabase.ca/PHASE5/?p=0&type=election&ID=447
CAN (Jun 1957),http://canadianelectionsdatabase.ca/PHASE5/?p=0&type=election&ID=413
CAN (Aug 1953),http://canadianelectionsdatabase.ca/PHASE5/?p=0&type=election&ID=330
CAN (Jun 1949),http://canadianelectionsdatabase.ca/PHASE5/?p=0&type=election&ID=309
CAN (Jun 1945),http://canadianelectionsdatabase.ca/PHASE5/?p=0&type=election&ID=307
CAN (Mar 1940),http://canadianelectionsdatabase.ca/PHASE5/?p=0&type=election&ID=306
CAN (Oct 1935),http://canadianelectionsdatabase.ca/PHASE5/?p=0&type=election&ID=305
CAN (Jul 1930),http://canadianelectionsdatabase.ca/PHASE5/?p=0&type=election&ID=304
CAN (Sep 1926),http://canadianelectionsdatabase.ca/PHASE5/?p=0&type=election&ID=303
CAN (Oct 1925),http://canadianelectionsdatabase.ca/PHASE5/?p=0&type=election&ID=302
CAN (Dec 1921),http://canadianelectionsdatabase.ca/PHASE5/?p=0&type=election&ID=300
CAN (Dec 1917),http://canadianelectionsdatabase.ca/PHASE5/?p=0&type=election&ID=299
CAN (Sep 1911),http://canadianelectionsdatabase.ca/PHASE5/?p=0&type=election&ID=298
CAN (Oct 1908),http://canadianelectionsdatabase.ca/PHASE5/?p=0&type=election&ID=297
CAN (Nov 1904),http://canadianelectionsdatabase.ca/PHASE5/?p=0&type=election&ID=296
CAN (Nov 1900),http://canadianelectionsdatabase.ca/PHASE5/?p=0&type=election&ID=295
CAN (Jun 1896),http://canadianelectionsdatabase.ca/PHASE5/?p=0&type=election&ID=294
CAN (Mar 1891),http://canadianelectionsdatabase.ca/PHASE5/?p=0&type=election&ID=293
CAN (Feb 1887),http://canadianelectionsdatabase.ca/PHASE5/?p=0&type=election&ID=292
CAN (Jun 1882),http://canadianelectionsdatabase.ca/PHASE5/?p=0&type=election&ID=291
CAN (Sep 1878),http://canadianelectionsdatabase.ca/PHASE5/?p=0&type=election&ID=290
CAN (Jan 1874),http://canadianelectionsdatabase.ca/PHASE5/?p=0&type=election&ID=289
CAN (Jul 1872),http://canadianelectionsdatabase.ca/PHASE5/?p=0&type=election&ID=288
CAN (Aug 1867),http://canadianelectionsdatabase.ca/PHASE5/?p=0&type=election&ID=286
