Province Names,Links
Alberta,http://canadianelectionsdatabase.ca/PHASE5/?p=0&type=election&sort=provincial#page_1=province_id-equals-9
British Columbia,http://canadianelectionsdatabase.ca/PHASE5/?p=0&type=election&sort=provincial#page_1=province_id-equals-10
Manitoba,http://canadianelectionsdatabase.ca/PHASE5/?p=0&type=election&sort=provincial#page_1=province_id-equals-7
New Brunswick,http://canadianelectionsdatabase.ca/PHASE5/?p=0&type=election&sort=provincial#page_1=province_id-equals-4
Newfoundland and Labrador,http://canadianelectionsdatabase.ca/PHASE5/?p=0&type=election&sort=provincial#page_1=province_id-equals-5
Nova Scotia,http://canadianelectionsdatabase.ca/PHASE5/?p=0&type=election&sort=provincial#page_1=province_id-equals-2
Nunavut,http://canadianelectionsdatabase.ca/PHASE5/?p=0&type=election&sort=provincial#page_1=province_id-equals-12
Northwest Territories,http://canadianelectionsdatabase.ca/PHASE5/?p=0&type=election&sort=provincial#page_1=province_id-equals-6
Ontario,http://canadianelectionsdatabase.ca/PHASE5/?p=0&type=election&sort=provincial#page_1=province_id-equals-0
Prince Edward Island,http://canadianelectionsdatabase.ca/PHASE5/?p=0&type=election&sort=provincial#page_1=province_id-equals-1
Quebec,http://canadianelectionsdatabase.ca/PHASE5/?p=0&type=election&sort=provincial#page_1=province_id-equals-11
Saskatchewan,http://canadianelectionsdatabase.ca/PHASE5/?p=0&type=election&sort=provincial#page_1=province_id-equals-8
Yukon,http://canadianelectionsdatabase.ca/PHASE5/?p=0&type=election&sort=provincial#page_1=province_id-equals-13
